webdev,datascience,hr,machinelearning,appdev
frontend,data,recruting,data science,android
backend,big data,training,cnn,ios
Javascript,ai,advising,keras,react native
mongodb,machine learning,administration,skit,java
mysql,cnn,policy,image,swift
api,deep learning,development,processing,html5
html5,python,adaptability,classification,flutter
html,java,time management,gans,xamarin
css,perl,leadership,pytorch,felgo
bootstrap,sql,microsoft office,rapidminer,r programming
react,python,help,python,
c#,data science,advise,machine learning,
full stack,machine learning,,matlab,
asp.net,matlab,,,
ruby,datamining,,,
nodejs,data analysis,,,
angular,r,,,
kotlin,,,,
emberjs,,,,